
GO
INSERT [dbo].[Users] ([ID], [FirstName], [LastName], [UserName], [Email], [Password], [IsDeleted], [CreationDate], [ModifiedDate], [CreatedBy], [ModifiedBy]) VALUES (N'1e81f0b7-3642-4148-aebe-c33d96bdfca4', N'asd', N'asd', N'asdasd2', N'asd@asd', N'ABp6Mtq7l9Hl39TSrmoU818dawt7cCYVUUAj4n75jmAccjYG3E3nBhwSXtb/swW5vQ==', 0, CAST(N'2021-02-24T11:58:37.640' AS DateTime), CAST(N'2021-02-24T12:40:03.090' AS DateTime), N'admin', N'admin')
GO
INSERT [dbo].[Users] ([ID], [FirstName], [LastName], [UserName], [Email], [Password], [IsDeleted], [CreationDate], [ModifiedDate], [CreatedBy], [ModifiedBy]) VALUES (N'3081df0c-5b3d-485e-adc5-c9a33a51e956', N'te2', N'asd', N'asdsd', N'asd@asd.asd', N'AKfSjeoy6NOYwtSkDT4dVUp6pVZUODbY26DTYuAK0HVQnres2PgM51w99CkJ4dEmxA==', 1, CAST(N'2021-02-24T10:54:15.497' AS DateTime), CAST(N'2021-02-24T10:56:22.713' AS DateTime), N'admin', N'admin')
GO
INSERT [dbo].[Users] ([ID], [FirstName], [LastName], [UserName], [Email], [Password], [IsDeleted], [CreationDate], [ModifiedDate], [CreatedBy], [ModifiedBy]) VALUES (N'36ce158e-b0de-4fa7-b7cd-d1c98f20eaf7', N'f', N'l', N'asd', N'asd@asd.com', N'AMZQDOL/XDSPNg1PGMY0WprHxvbYXmHSjGMNHKJO8xsmfqzHXLr8QcbXvCpVjW5Aig==', 0, CAST(N'2021-02-23T09:28:54.397' AS DateTime), CAST(N'2021-02-24T11:00:09.963' AS DateTime), N'admin', N'admin')
GO
INSERT [dbo].[Users] ([ID], [FirstName], [LastName], [UserName], [Email], [Password], [IsDeleted], [CreationDate], [ModifiedDate], [CreatedBy], [ModifiedBy]) VALUES (N'7a663cff-d1f2-4bf8-bfa5-333576be64e7', N'test', N'etst', N'test', N'te@asd', N'AAi1D/zn1BssIQHOkj+tdjEe436nzXfgakVI5katocBH/LdYmkkJM09e2kdbvbsqKA==', 1, CAST(N'2021-02-24T11:16:41.653' AS DateTime), CAST(N'2021-02-25T04:10:29.233' AS DateTime), N'admin', N'admin')
GO
INSERT [dbo].[Users] ([ID], [FirstName], [LastName], [UserName], [Email], [Password], [IsDeleted], [CreationDate], [ModifiedDate], [CreatedBy], [ModifiedBy]) VALUES (N'8f13fac5-2f47-4966-9bb7-edfc750b4dfd', N'first name', N'last name', N'test', N'asd@ermail.com', N'AB67X9YVRZCgEU28mjESfi7XodM318nS7cUGwJDNk04MzC71LKdKAmlp8bGH2B80Mg==', 1, CAST(N'2021-02-23T09:28:54.397' AS DateTime), CAST(N'2021-02-23T09:28:54.397' AS DateTime), N'admin', N'admin')
GO
INSERT [dbo].[Users] ([ID], [FirstName], [LastName], [UserName], [Email], [Password], [IsDeleted], [CreationDate], [ModifiedDate], [CreatedBy], [ModifiedBy]) VALUES (N'98ea1c6f-6cb9-4f96-b4aa-bdc6c214360a', N'1', N'2', N'3', N'fhg@asd', N'AC33KEbLr3YvehJJfXGUPbf7yA1kWapXeKSPhdBAIZG4rJFq0KB7lV9oVno+VepMaA==', 0, CAST(N'2021-02-24T11:11:59.423' AS DateTime), CAST(N'2021-02-24T12:28:54.963' AS DateTime), N'admin', N'admin')
GO
INSERT [dbo].[Users] ([ID], [FirstName], [LastName], [UserName], [Email], [Password], [IsDeleted], [CreationDate], [ModifiedDate], [CreatedBy], [ModifiedBy]) VALUES (N'abf41209-4c48-4388-a365-511b38254b31', N'asd', N'asd', N'asdasd', N'asd132asd@asd', N'ANaU0QFri06HFJBhlmVRerTiWoGVPinRLQJGWs2uHdC8dgCE5wHPdAYQuYFBc+5How==', 0, CAST(N'2021-02-24T11:17:11.103' AS DateTime), CAST(N'2021-02-24T11:40:55.713' AS DateTime), N'admin', N'admin')
GO
INSERT [dbo].[Users] ([ID], [FirstName], [LastName], [UserName], [Email], [Password], [IsDeleted], [CreationDate], [ModifiedDate], [CreatedBy], [ModifiedBy]) VALUES (N'admin', N'admin', N'admin', N'admin', N'admin@admin.com', N'AM7eHj7czL/Fx6sC1hg6C19+h5MesLGZ9NRpgw81D3FuifHlPqn5ha/z2NzwW6iu3g==', 0, CAST(N'2021-02-23T09:28:54.397' AS DateTime), CAST(N'2021-02-24T12:28:21.683' AS DateTime), N'admin', N'admin')
GO
INSERT [dbo].[Users] ([ID], [FirstName], [LastName], [UserName], [Email], [Password], [IsDeleted], [CreationDate], [ModifiedDate], [CreatedBy], [ModifiedBy]) VALUES (N'c7a500ad-7c28-4115-a3b3-aa8e1ec3277d', N'', N'', N'', N'dasd', N'AJ//HKzVNZDL0nPVJ+P4iyG/zkxdy1p5qeP7rk1CHLlKyeNkifKQwPWpIMVXaRtDjQ==', 1, CAST(N'2021-02-24T11:17:34.797' AS DateTime), CAST(N'2021-02-24T11:17:44.697' AS DateTime), N'admin', N'admin')
GO
GO
INSERT [dbo].[Roles] ([Id], [Name]) VALUES (N'Admin', N'Admin')
GO
INSERT [dbo].[Roles] ([Id], [Name]) VALUES (N'ProjectManager', N'ProjectManager')
GO

INSERT [dbo].[UserRoles] ([ID], [UserID], [RoleID], [IsDeleted], [CreationDate], [ModifiedDate], [CreatedBy], [ModifiedBy]) VALUES (N'065a48a7-2685-4b4b-9f3b-0a51219f31a9', N'admin', N'Admin', 1, CAST(N'2021-02-24T03:32:53.763' AS DateTime), CAST(N'2021-02-24T03:33:00.537' AS DateTime), N'admin', N'admin')
GO
INSERT [dbo].[UserRoles] ([ID], [UserID], [RoleID], [IsDeleted], [CreationDate], [ModifiedDate], [CreatedBy], [ModifiedBy]) VALUES (N'1264f2fc-cf19-4804-889b-4e5af0a979d0', N'abf41209-4c48-4388-a365-511b38254b31', N'Admin', 0, CAST(N'2021-02-24T11:40:55.713' AS DateTime), CAST(N'2021-02-24T11:40:55.713' AS DateTime), N'admin', N'admin')
GO
INSERT [dbo].[UserRoles] ([ID], [UserID], [RoleID], [IsDeleted], [CreationDate], [ModifiedDate], [CreatedBy], [ModifiedBy]) VALUES (N'126e5e40-696b-4b0f-b99d-303667f734dc', N'7a663cff-d1f2-4bf8-bfa5-333576be64e7', N'Admin', 1, CAST(N'2021-02-24T11:16:41.653' AS DateTime), CAST(N'2021-02-24T12:28:50.267' AS DateTime), N'admin', N'admin')
GO
INSERT [dbo].[UserRoles] ([ID], [UserID], [RoleID], [IsDeleted], [CreationDate], [ModifiedDate], [CreatedBy], [ModifiedBy]) VALUES (N'15cb3273-70c2-4684-944a-3d5ef9fb581d', N'admin', N'ProjectManager', 1, CAST(N'2021-02-24T03:33:00.537' AS DateTime), CAST(N'2021-02-24T03:35:39.270' AS DateTime), N'admin', N'admin')
GO
INSERT [dbo].[UserRoles] ([ID], [UserID], [RoleID], [IsDeleted], [CreationDate], [ModifiedDate], [CreatedBy], [ModifiedBy]) VALUES (N'1a17260b-9a87-497e-a8d2-5600bf0e5382', N'admin', N'Admin', 1, CAST(N'2021-02-24T12:26:52.110' AS DateTime), CAST(N'2021-02-24T12:28:21.683' AS DateTime), N'admin', N'admin')
GO
INSERT [dbo].[UserRoles] ([ID], [UserID], [RoleID], [IsDeleted], [CreationDate], [ModifiedDate], [CreatedBy], [ModifiedBy]) VALUES (N'1bf2988d-3b35-4514-b0ef-77da1627983d', N'1e81f0b7-3642-4148-aebe-c33d96bdfca4', N'Admin', 1, CAST(N'2021-02-24T12:39:56.353' AS DateTime), CAST(N'2021-02-24T12:40:03.090' AS DateTime), N'admin', N'admin')
GO
INSERT [dbo].[UserRoles] ([ID], [UserID], [RoleID], [IsDeleted], [CreationDate], [ModifiedDate], [CreatedBy], [ModifiedBy]) VALUES (N'221cec20-b626-4738-9cce-5955b3e0b0ae', N'admin', N'ProjectManager', 1, CAST(N'2021-02-24T03:45:08.213' AS DateTime), CAST(N'2021-02-24T12:26:52.110' AS DateTime), N'admin', N'admin')
GO
INSERT [dbo].[UserRoles] ([ID], [UserID], [RoleID], [IsDeleted], [CreationDate], [ModifiedDate], [CreatedBy], [ModifiedBy]) VALUES (N'22d56de6-28c7-47a9-ae79-0f352ad76d83', N'8f13fac5-2f47-4966-9bb7-edfc750b4dfd', N'Admin', 1, CAST(N'2021-02-23T09:28:54.397' AS DateTime), CAST(N'2021-02-24T03:33:07.690' AS DateTime), N'admin', N'admin')
GO
INSERT [dbo].[UserRoles] ([ID], [UserID], [RoleID], [IsDeleted], [CreationDate], [ModifiedDate], [CreatedBy], [ModifiedBy]) VALUES (N'243eafd2-68eb-4518-a95a-873401a90cdc', N'admin', N'ProjectManager', 0, CAST(N'2021-02-24T12:28:21.683' AS DateTime), CAST(N'2021-02-24T12:28:21.683' AS DateTime), N'admin', N'admin')
GO
INSERT [dbo].[UserRoles] ([ID], [UserID], [RoleID], [IsDeleted], [CreationDate], [ModifiedDate], [CreatedBy], [ModifiedBy]) VALUES (N'24c0a2d3-b3e1-4380-a2a2-ce8577e44ef8', N'1e81f0b7-3642-4148-aebe-c33d96bdfca4', N'ProjectManager', 0, CAST(N'2021-02-24T12:40:03.090' AS DateTime), CAST(N'2021-02-24T12:40:03.090' AS DateTime), N'admin', N'admin')
GO
INSERT [dbo].[UserRoles] ([ID], [UserID], [RoleID], [IsDeleted], [CreationDate], [ModifiedDate], [CreatedBy], [ModifiedBy]) VALUES (N'2A0839E2-7BDE-43B8-BEE6-38169913BB05', N'admin', N'Admin', 1, CAST(N'2021-02-22T11:51:44.207' AS DateTime), CAST(N'2021-02-24T03:28:55.880' AS DateTime), N'admin', N'admin')
GO
INSERT [dbo].[UserRoles] ([ID], [UserID], [RoleID], [IsDeleted], [CreationDate], [ModifiedDate], [CreatedBy], [ModifiedBy]) VALUES (N'2c8a7f54-3d07-4a81-ac53-d60560ca0557', N'98ea1c6f-6cb9-4f96-b4aa-bdc6c214360a', N'Admin', 1, CAST(N'2021-02-24T11:16:57.643' AS DateTime), CAST(N'2021-02-24T12:28:54.963' AS DateTime), N'admin', N'admin')
GO
INSERT [dbo].[UserRoles] ([ID], [UserID], [RoleID], [IsDeleted], [CreationDate], [ModifiedDate], [CreatedBy], [ModifiedBy]) VALUES (N'2d57782d-8e46-4929-8e86-e31e93a33532', N'8f13fac5-2f47-4966-9bb7-edfc750b4dfd', N'ProjectManager', 1, CAST(N'2021-02-24T03:45:18.347' AS DateTime), CAST(N'2021-02-24T03:45:40.853' AS DateTime), N'admin', N'admin')
GO
INSERT [dbo].[UserRoles] ([ID], [UserID], [RoleID], [IsDeleted], [CreationDate], [ModifiedDate], [CreatedBy], [ModifiedBy]) VALUES (N'2edc8828-df55-4173-842f-fc2e861632fc', N'3081df0c-5b3d-485e-adc5-c9a33a51e956', N'ProjectManager', 1, CAST(N'2021-02-24T10:54:15.497' AS DateTime), CAST(N'2021-02-24T10:56:18.120' AS DateTime), N'admin', N'admin')
GO
INSERT [dbo].[UserRoles] ([ID], [UserID], [RoleID], [IsDeleted], [CreationDate], [ModifiedDate], [CreatedBy], [ModifiedBy]) VALUES (N'32fbe9df-ef5f-4dd3-8cf8-cb7e5e52b18e', N'98ea1c6f-6cb9-4f96-b4aa-bdc6c214360a', N'Admin', 1, CAST(N'2021-02-24T11:11:59.423' AS DateTime), CAST(N'2021-02-24T11:16:57.643' AS DateTime), N'admin', N'admin')
GO
INSERT [dbo].[UserRoles] ([ID], [UserID], [RoleID], [IsDeleted], [CreationDate], [ModifiedDate], [CreatedBy], [ModifiedBy]) VALUES (N'38674204-6a7b-423c-999d-b6a4349ec4c2', N'admin', N'ProjectManager', 1, CAST(N'2021-02-24T03:32:46.567' AS DateTime), CAST(N'2021-02-24T03:32:53.763' AS DateTime), N'admin', N'admin')
GO
INSERT [dbo].[UserRoles] ([ID], [UserID], [RoleID], [IsDeleted], [CreationDate], [ModifiedDate], [CreatedBy], [ModifiedBy]) VALUES (N'447c6063-2e5d-4918-bd84-337ed5920358', N'1e81f0b7-3642-4148-aebe-c33d96bdfca4', N'ProjectManager', 1, CAST(N'2021-02-24T11:58:41.767' AS DateTime), CAST(N'2021-02-24T12:00:38.747' AS DateTime), N'admin', N'admin')
GO
INSERT [dbo].[UserRoles] ([ID], [UserID], [RoleID], [IsDeleted], [CreationDate], [ModifiedDate], [CreatedBy], [ModifiedBy]) VALUES (N'44cdbd2d-231b-496d-9590-134ca8e2a148', N'admin', N'ProjectManager', 1, CAST(N'2021-02-24T12:26:52.110' AS DateTime), CAST(N'2021-02-24T12:28:21.683' AS DateTime), N'admin', N'admin')
GO
INSERT [dbo].[UserRoles] ([ID], [UserID], [RoleID], [IsDeleted], [CreationDate], [ModifiedDate], [CreatedBy], [ModifiedBy]) VALUES (N'49d7f13a-dfaf-4683-89c0-4c35fce93d63', N'c7a500ad-7c28-4115-a3b3-aa8e1ec3277d', N'ProjectManager', 1, CAST(N'2021-02-24T11:17:34.797' AS DateTime), CAST(N'2021-02-24T11:17:44.697' AS DateTime), N'admin', N'admin')
GO
INSERT [dbo].[UserRoles] ([ID], [UserID], [RoleID], [IsDeleted], [CreationDate], [ModifiedDate], [CreatedBy], [ModifiedBy]) VALUES (N'4fff6d91-a2ad-4fa9-ac02-0822d8b5c0b9', N'admin', N'Admin', 1, CAST(N'2021-02-24T03:33:00.537' AS DateTime), CAST(N'2021-02-24T03:35:39.270' AS DateTime), N'admin', N'admin')
GO
INSERT [dbo].[UserRoles] ([ID], [UserID], [RoleID], [IsDeleted], [CreationDate], [ModifiedDate], [CreatedBy], [ModifiedBy]) VALUES (N'5529e4d2-651f-46c1-bd18-6a0193bedbbc', N'1e81f0b7-3642-4148-aebe-c33d96bdfca4', N'Admin', 0, CAST(N'2021-02-24T12:40:03.090' AS DateTime), CAST(N'2021-02-24T12:40:03.090' AS DateTime), N'admin', N'admin')
GO
INSERT [dbo].[UserRoles] ([ID], [UserID], [RoleID], [IsDeleted], [CreationDate], [ModifiedDate], [CreatedBy], [ModifiedBy]) VALUES (N'579ea837-3d21-4e3f-a20c-261e9a18e02a', N'98ea1c6f-6cb9-4f96-b4aa-bdc6c214360a', N'Admin', 0, CAST(N'2021-02-24T12:28:54.963' AS DateTime), CAST(N'2021-02-24T12:28:54.963' AS DateTime), N'admin', N'admin')
GO
INSERT [dbo].[UserRoles] ([ID], [UserID], [RoleID], [IsDeleted], [CreationDate], [ModifiedDate], [CreatedBy], [ModifiedBy]) VALUES (N'5a978bc5-b19c-41b8-bdbc-054e100d80d1', N'36ce158e-b0de-4fa7-b7cd-d1c98f20eaf7', N'ProjectManager', 1, CAST(N'2021-02-24T03:46:23.187' AS DateTime), CAST(N'2021-02-24T11:00:09.963' AS DateTime), N'admin', N'admin')
GO
INSERT [dbo].[UserRoles] ([ID], [UserID], [RoleID], [IsDeleted], [CreationDate], [ModifiedDate], [CreatedBy], [ModifiedBy]) VALUES (N'75255775-0e4f-4966-b96d-c701fe3aa750', N'36ce158e-b0de-4fa7-b7cd-d1c98f20eaf7', N'ProjectManager', 0, CAST(N'2021-02-24T11:00:09.963' AS DateTime), CAST(N'2021-02-24T11:00:09.963' AS DateTime), N'admin', N'admin')
GO
INSERT [dbo].[UserRoles] ([ID], [UserID], [RoleID], [IsDeleted], [CreationDate], [ModifiedDate], [CreatedBy], [ModifiedBy]) VALUES (N'75fd2bd0-ee8f-4bd5-b639-df185808b210', N'1e81f0b7-3642-4148-aebe-c33d96bdfca4', N'ProjectManager', 1, CAST(N'2021-02-24T12:00:38.747' AS DateTime), CAST(N'2021-02-24T12:25:23.970' AS DateTime), N'admin', N'admin')
GO
INSERT [dbo].[UserRoles] ([ID], [UserID], [RoleID], [IsDeleted], [CreationDate], [ModifiedDate], [CreatedBy], [ModifiedBy]) VALUES (N'7a86fafb-49d9-420f-81e1-b8d0db72c533', N'admin', N'Admin', 1, CAST(N'2021-02-24T03:45:08.213' AS DateTime), CAST(N'2021-02-24T12:26:52.110' AS DateTime), N'admin', N'admin')
GO
INSERT [dbo].[UserRoles] ([ID], [UserID], [RoleID], [IsDeleted], [CreationDate], [ModifiedDate], [CreatedBy], [ModifiedBy]) VALUES (N'7b1493d2-4a42-48cc-9282-2fe8ef3658b5', N'admin', N'ProjectManager', 1, CAST(N'2021-02-24T03:32:08.730' AS DateTime), CAST(N'2021-02-24T03:32:46.567' AS DateTime), N'admin', N'admin')
GO
INSERT [dbo].[UserRoles] ([ID], [UserID], [RoleID], [IsDeleted], [CreationDate], [ModifiedDate], [CreatedBy], [ModifiedBy]) VALUES (N'850470be-dc73-4f2b-b067-39d8fcb3057b', N'admin', N'Admin', 1, CAST(N'2021-02-24T03:32:08.730' AS DateTime), CAST(N'2021-02-24T03:32:46.567' AS DateTime), N'admin', N'admin')
GO
INSERT [dbo].[UserRoles] ([ID], [UserID], [RoleID], [IsDeleted], [CreationDate], [ModifiedDate], [CreatedBy], [ModifiedBy]) VALUES (N'8f1f25e0-a199-41f5-8fe0-3e1333caf2cd', N'admin', N'Admin', 0, CAST(N'2021-02-24T12:28:21.683' AS DateTime), CAST(N'2021-02-24T12:28:21.683' AS DateTime), N'admin', N'admin')
GO
INSERT [dbo].[UserRoles] ([ID], [UserID], [RoleID], [IsDeleted], [CreationDate], [ModifiedDate], [CreatedBy], [ModifiedBy]) VALUES (N'926dfa0f-34a3-4f15-89ad-a7cadd8de31e', N'8f13fac5-2f47-4966-9bb7-edfc750b4dfd', N'Admin', 1, CAST(N'2021-02-24T03:45:18.343' AS DateTime), CAST(N'2021-02-24T03:45:40.853' AS DateTime), N'admin', N'admin')
GO
INSERT [dbo].[UserRoles] ([ID], [UserID], [RoleID], [IsDeleted], [CreationDate], [ModifiedDate], [CreatedBy], [ModifiedBy]) VALUES (N'9d6e4d8c-e1ad-42ae-be12-c8c28add4f3a', N'admin', N'ProjectManager', 1, CAST(N'2021-02-24T03:28:55.880' AS DateTime), CAST(N'2021-02-24T03:32:08.730' AS DateTime), N'admin', N'admin')
GO
INSERT [dbo].[UserRoles] ([ID], [UserID], [RoleID], [IsDeleted], [CreationDate], [ModifiedDate], [CreatedBy], [ModifiedBy]) VALUES (N'b14d954d-7deb-4a75-a350-ad4d508755bf', N'7a663cff-d1f2-4bf8-bfa5-333576be64e7', N'Admin', 1, CAST(N'2021-02-24T12:28:50.267' AS DateTime), CAST(N'2021-02-25T04:10:29.233' AS DateTime), N'admin', N'admin')
GO
INSERT [dbo].[UserRoles] ([ID], [UserID], [RoleID], [IsDeleted], [CreationDate], [ModifiedDate], [CreatedBy], [ModifiedBy]) VALUES (N'b60864ac-cb6a-4148-89d4-f6acca021c79', N'1e81f0b7-3642-4148-aebe-c33d96bdfca4', N'ProjectManager', 1, CAST(N'2021-02-24T12:25:23.970' AS DateTime), CAST(N'2021-02-24T12:28:42.490' AS DateTime), N'admin', N'admin')
GO
INSERT [dbo].[UserRoles] ([ID], [UserID], [RoleID], [IsDeleted], [CreationDate], [ModifiedDate], [CreatedBy], [ModifiedBy]) VALUES (N'b7652df6-ff76-46ac-854e-3bd82af7c1b7', N'3081df0c-5b3d-485e-adc5-c9a33a51e956', N'ProjectManager', 1, CAST(N'2021-02-24T10:56:18.120' AS DateTime), CAST(N'2021-02-24T10:56:22.713' AS DateTime), N'admin', N'admin')
GO
INSERT [dbo].[UserRoles] ([ID], [UserID], [RoleID], [IsDeleted], [CreationDate], [ModifiedDate], [CreatedBy], [ModifiedBy]) VALUES (N'cc630cf7-e865-4d05-ac59-2e7c3daab13e', N'abf41209-4c48-4388-a365-511b38254b31', N'Admin', 1, CAST(N'2021-02-24T11:40:32.257' AS DateTime), CAST(N'2021-02-24T11:40:55.713' AS DateTime), N'admin', N'admin')
GO
INSERT [dbo].[UserRoles] ([ID], [UserID], [RoleID], [IsDeleted], [CreationDate], [ModifiedDate], [CreatedBy], [ModifiedBy]) VALUES (N'd044376a-c189-4be7-a537-1a9ba3b234ac', N'abf41209-4c48-4388-a365-511b38254b31', N'Admin', 1, CAST(N'2021-02-24T11:17:11.103' AS DateTime), CAST(N'2021-02-24T11:40:32.257' AS DateTime), N'admin', N'admin')
GO
INSERT [dbo].[UserRoles] ([ID], [UserID], [RoleID], [IsDeleted], [CreationDate], [ModifiedDate], [CreatedBy], [ModifiedBy]) VALUES (N'd74e443b-4163-44fc-9941-e4d052dd9fc7', N'1e81f0b7-3642-4148-aebe-c33d96bdfca4', N'ProjectManager', 1, CAST(N'2021-02-24T11:58:37.640' AS DateTime), CAST(N'2021-02-24T11:58:41.767' AS DateTime), N'admin', N'admin')
GO
INSERT [dbo].[UserRoles] ([ID], [UserID], [RoleID], [IsDeleted], [CreationDate], [ModifiedDate], [CreatedBy], [ModifiedBy]) VALUES (N'ed58acdc-8af4-49ba-893f-cd0cf6b760d3', N'8f13fac5-2f47-4966-9bb7-edfc750b4dfd', N'ProjectManager', 1, CAST(N'2021-02-23T09:28:54.397' AS DateTime), CAST(N'2021-02-24T03:33:07.690' AS DateTime), N'admin', N'admin')
GO
INSERT [dbo].[UserRoles] ([ID], [UserID], [RoleID], [IsDeleted], [CreationDate], [ModifiedDate], [CreatedBy], [ModifiedBy]) VALUES (N'eff27b20-50d4-49ce-bd7c-ad53baa19e08', N'1e81f0b7-3642-4148-aebe-c33d96bdfca4', N'ProjectManager', 1, CAST(N'2021-02-24T12:28:42.490' AS DateTime), CAST(N'2021-02-24T12:39:56.353' AS DateTime), N'admin', N'admin')

INSERT [dbo].[Projects] ([ID], [Title], [Description], [IsDeleted], [CreationDate], [ModifiedDate], [CreatedBy], [ModifiedBy]) VALUES (N'0641996d-2916-4a98-8601-ccb5eb58b771', N'8', N'etst', 0, CAST(N'2021-02-23T04:06:58.567' AS DateTime), CAST(N'2021-02-23T04:06:58.567' AS DateTime), N'admin', N'admin')
GO
INSERT [dbo].[Projects] ([ID], [Title], [Description], [IsDeleted], [CreationDate], [ModifiedDate], [CreatedBy], [ModifiedBy]) VALUES (N'1f693d2b-5d76-47ad-9405-4e8d3b577ac9', N'12', N'test', 1, CAST(N'2021-02-23T04:12:43.467' AS DateTime), CAST(N'2021-02-23T04:34:37.897' AS DateTime), N'admin', N'admin')
GO
INSERT [dbo].[Projects] ([ID], [Title], [Description], [IsDeleted], [CreationDate], [ModifiedDate], [CreatedBy], [ModifiedBy]) VALUES (N'24361443-84f2-4857-b3f8-d48abd9de789', N'sdf', N'asdasd

', 0, CAST(N'2021-02-23T06:15:27.827' AS DateTime), CAST(N'2021-02-24T11:34:22.087' AS DateTime), N'admin', N'admin')
GO
INSERT [dbo].[Projects] ([ID], [Title], [Description], [IsDeleted], [CreationDate], [ModifiedDate], [CreatedBy], [ModifiedBy]) VALUES (N'355109c5-0389-4afc-bd33-ff66be3033bd', N'11', N'etst', 1, CAST(N'2021-02-23T04:12:37.620' AS DateTime), CAST(N'2021-02-23T04:34:40.843' AS DateTime), N'admin', N'admin')
GO
INSERT [dbo].[Projects] ([ID], [Title], [Description], [IsDeleted], [CreationDate], [ModifiedDate], [CreatedBy], [ModifiedBy]) VALUES (N'3fc0176f-4264-430e-b02b-236155dbd116', N'12', N'12', 1, CAST(N'2021-02-23T06:14:38.253' AS DateTime), CAST(N'2021-02-24T12:29:35.050' AS DateTime), N'admin', N'admin')
GO
INSERT [dbo].[Projects] ([ID], [Title], [Description], [IsDeleted], [CreationDate], [ModifiedDate], [CreatedBy], [ModifiedBy]) VALUES (N'40e4be8f-17e7-4872-8505-153e73eccf99', N'7', N'test', 0, CAST(N'2021-02-23T04:06:10.237' AS DateTime), CAST(N'2021-02-23T04:06:10.237' AS DateTime), N'admin', N'admin')
GO
INSERT [dbo].[Projects] ([ID], [Title], [Description], [IsDeleted], [CreationDate], [ModifiedDate], [CreatedBy], [ModifiedBy]) VALUES (N'42933199-cf2c-4fb8-8eda-a8c3686b4703', N'11', N'desc 11 - update', 1, CAST(N'2021-02-23T04:35:59.390' AS DateTime), CAST(N'2021-02-23T04:36:32.390' AS DateTime), N'admin', N'admin')
GO
INSERT [dbo].[Projects] ([ID], [Title], [Description], [IsDeleted], [CreationDate], [ModifiedDate], [CreatedBy], [ModifiedBy]) VALUES (N'44ee1eb3-463e-4eab-ba20-14bae74813e1', N'4', N'tetst', 0, CAST(N'2021-02-23T03:58:39.127' AS DateTime), CAST(N'2021-02-23T03:58:39.127' AS DateTime), N'admin', N'admin')
GO
INSERT [dbo].[Projects] ([ID], [Title], [Description], [IsDeleted], [CreationDate], [ModifiedDate], [CreatedBy], [ModifiedBy]) VALUES (N'821a93db-4d57-4fbf-9cde-0525a07e485e', N'6', N'te', 0, CAST(N'2021-02-23T04:04:14.033' AS DateTime), CAST(N'2021-02-23T04:04:14.033' AS DateTime), N'admin', N'admin')
GO
INSERT [dbo].[Projects] ([ID], [Title], [Description], [IsDeleted], [CreationDate], [ModifiedDate], [CreatedBy], [ModifiedBy]) VALUES (N'976e10da-5e96-458a-b13e-f873685104b4', N'   asd asd asd', N'as', 0, CAST(N'2021-02-24T11:41:13.513' AS DateTime), CAST(N'2021-02-25T04:09:19.867' AS DateTime), N'admin', N'admin')
GO
INSERT [dbo].[Projects] ([ID], [Title], [Description], [IsDeleted], [CreationDate], [ModifiedDate], [CreatedBy], [ModifiedBy]) VALUES (N'9b025143-6819-4057-8420-5deef26caf81', N'1', N'asd', 0, CAST(N'2021-02-22T09:47:00.077' AS DateTime), CAST(N'2021-02-24T11:34:34.857' AS DateTime), N'admin', N'admin')
GO
INSERT [dbo].[Projects] ([ID], [Title], [Description], [IsDeleted], [CreationDate], [ModifiedDate], [CreatedBy], [ModifiedBy]) VALUES (N'9d037673-ae41-4793-81bb-1ae318e4e2fa', N'10', N'etst - upd', 0, CAST(N'2021-02-23T04:12:32.393' AS DateTime), CAST(N'2021-02-23T05:43:42.157' AS DateTime), N'admin', N'admin')
GO
INSERT [dbo].[Projects] ([ID], [Title], [Description], [IsDeleted], [CreationDate], [ModifiedDate], [CreatedBy], [ModifiedBy]) VALUES (N'ac22a5a9-ac4a-4e0a-a904-fc8e23ca34ef', N'14', N'test', 1, CAST(N'2021-02-23T04:14:24.317' AS DateTime), CAST(N'2021-02-23T04:34:33.990' AS DateTime), N'admin', N'admin')
GO
INSERT [dbo].[Projects] ([ID], [Title], [Description], [IsDeleted], [CreationDate], [ModifiedDate], [CreatedBy], [ModifiedBy]) VALUES (N'adc10597-c062-41e5-a19b-b628f2f70a16', N'2', N'test2', 0, CAST(N'2021-02-23T03:56:11.010' AS DateTime), CAST(N'2021-02-25T04:09:08.603' AS DateTime), N'admin', N'admin')
GO
INSERT [dbo].[Projects] ([ID], [Title], [Description], [IsDeleted], [CreationDate], [ModifiedDate], [CreatedBy], [ModifiedBy]) VALUES (N'ba54ea17-a075-4ebe-8dcf-1275d07b3e3d', N'11', N'desc 11 - updated asd', 1, CAST(N'2021-02-23T04:35:13.737' AS DateTime), CAST(N'2021-02-23T04:35:50.357' AS DateTime), N'admin', N'admin')
GO
INSERT [dbo].[Projects] ([ID], [Title], [Description], [IsDeleted], [CreationDate], [ModifiedDate], [CreatedBy], [ModifiedBy]) VALUES (N'c58c2dc5-7ff5-491a-a35a-79a5cac8e00a', N'11', N'desc 11 - up', 0, CAST(N'2021-02-23T04:34:50.367' AS DateTime), CAST(N'2021-02-23T05:42:51.937' AS DateTime), N'admin', N'admin')
GO
INSERT [dbo].[Projects] ([ID], [Title], [Description], [IsDeleted], [CreationDate], [ModifiedDate], [CreatedBy], [ModifiedBy]) VALUES (N'cff838e7-c520-4545-85b7-67fd15f4e8b9', N'5', N'test', 1, CAST(N'2021-02-23T04:00:16.177' AS DateTime), CAST(N'2021-02-24T12:29:40.603' AS DateTime), N'admin', N'admin')
GO
INSERT [dbo].[Projects] ([ID], [Title], [Description], [IsDeleted], [CreationDate], [ModifiedDate], [CreatedBy], [ModifiedBy]) VALUES (N'dcbfb531-84e4-41b6-bc5a-c3cb14e4060e', N'13', N'test', 1, CAST(N'2021-02-23T04:12:47.823' AS DateTime), CAST(N'2021-02-23T04:34:35.827' AS DateTime), N'admin', N'admin')
GO
INSERT [dbo].[Projects] ([ID], [Title], [Description], [IsDeleted], [CreationDate], [ModifiedDate], [CreatedBy], [ModifiedBy]) VALUES (N'f0aa59ab-6761-46c0-9517-20fb2e2ef61f', N'9', N'ets', 0, CAST(N'2021-02-23T04:07:24.353' AS DateTime), CAST(N'2021-02-23T04:07:24.353' AS DateTime), N'admin', N'admin')
GO
INSERT [dbo].[Projects] ([ID], [Title], [Description], [IsDeleted], [CreationDate], [ModifiedDate], [CreatedBy], [ModifiedBy]) VALUES (N'f6395364-955c-4fda-ae62-1b152b048957', N'15', N'est', 1, CAST(N'2021-02-23T04:14:29.963' AS DateTime), CAST(N'2021-02-23T04:34:21.960' AS DateTime), N'admin', N'admin')
GO
INSERT [dbo].[Projects] ([ID], [Title], [Description], [IsDeleted], [CreationDate], [ModifiedDate], [CreatedBy], [ModifiedBy]) VALUES (N'f830535a-f11a-4890-8df1-4a9f1ee2ab7d', N'3', N'test', 0, CAST(N'2021-02-23T03:58:10.163' AS DateTime), CAST(N'2021-02-23T03:58:10.163' AS DateTime), N'admin', N'admin')
GO
INSERT [dbo].[Projects] ([ID], [Title], [Description], [IsDeleted], [CreationDate], [ModifiedDate], [CreatedBy], [ModifiedBy]) VALUES (N'ff138944-7159-4d3e-a3ba-a5b143ba0e4a', N'11', N'desc 11 - updated', 1, CAST(N'2021-02-23T04:35:05.173' AS DateTime), CAST(N'2021-02-23T04:35:48.793' AS DateTime), N'admin', N'admin')

GO